{"cameraMode":{"drawMode":0,"name":"Shaded","section":"Shading Mode"},"sceneLighting":true,"audioPlay":false,"sceneViewState":{"showFog":false,"showMaterialUpdate":false,"showSkybox":false,"showFlares":false,"showImageEffects":false,"showParticleSystems":false},"in2DMode":false,"pivot":{"x":-529.3692626953125,"y":-281.0389709472656,"z":97.44444274902344},"rotation":{"x":0.2843407094478607,"y":0.003175318706780672,"z":-0.0009332829504273832,"w":0.9587509632110596},"size":674.7310791015625,"orthographic":false}